"nome","resumo","coordenador"
"CONTRIBUIÇÃO DA ULTRASSONOGRAFIA DE TÓRAX  DA OSCILOMETRIA DE IMPULSO E DA ESPIROMETRIA NA AVALIAÇÃO DE SEQUELAS PULMONARES EM PACIENTES ACOMPANHADOS NO AMBULATÓRIO PÓS-COVID DA POLICLÍNICA PIQUET CARNEIRO DA UNIVERSIDADE DO ESTADO DO RIO DE JANEIRO.","A oscilometria de impulso (ios) e a ultrassonografia torácica (ust) que avaliam  respectivamente  as propriedades mecânicas do sistema respiratório e a estrutura anatômica dos pulmões e da pleura  podem se tornar ferramentas interessantes para analisar a recuperação de pacientes com síndrome pós-covid (spc). Este estudo pretende acompanhar e descrever os achados da ust  espirometria e ios em adultos que foram diagnosticados com spc  a fim de avaliar a evolução e possíveis sequelas pulmonares.","Agnaldo José Lopes"
"IMPACTO DAS VULVOVAGINITES NA OCORRÊNCIA DE LACERAÇÃO PERINEAL","Será realizada a coleta de amostras biológicas e dados de prontuários de gestantes em trabalho de parto de maternidades públicas do rio de janeiro  a fim de descrever a prevalência de infecções sexualmente transmissíveis (ist) se utilizando tanto do fluxo do ministério da saúde quanto de testes moleculares. Por fim  buscar-se-á por fatores de risco e de proteção para as ist  bem como o papel destas na ocorrência de desfechos desfavoráveis  como baixo peso ao nascer  laceração perineal.","Alan Messala De Aguiar Britto"
"DA DISPENSAÇÃO AO DESCARTE: ESTRATÉGIAS PARA OPERACIONALIZAÇÃO DA LOGÍSTICA REVERSA DE MEDICAMENTOS EM UNIDADES BÁSICAS DE SAÚDE DA ZONA OESTE DO RIO DE JANEIRO.","O projeto aborda o descarte inadequado de medicamentos e seu impacto ambiental. Grandes quantidades de medicamentos são descartados nos domicílios incorretamente  poluindo o meio ambiente e ameaçando a saúde da população. A logística reversa de medicamentos enfrenta desafios como falta de sensibilização e infraestrutura. O projeto objetiva mapear estratégias para implementar a lrm nas unidades básicas de saúde da zona oeste do rio de janeiro  visando reduzir a contaminação.","Alessandra Micherla Rodrigues Do Nascimento"
"ESTUDO PROSPECTIVO PARA RASTREAMENTO  DIAGNÓSTICO DAS COMPLICAÇÕES CRÔNICAS E IDENTIFICAÇÃO DE BIOMARCADORES EM PACIENTES COM DIABETES MELLITUS TIPO 1 ALÉM DA AVALIAÇÃO DA FUNÇÃO ENDOTELIAL E DO CONTROLE GLICÊMICO E COMORBIDADES ASSOCIADAS","O diabetes tipo 1 (dm1) pode resultar no aparecimento de complicações crônicas microvasculares além de complicações macrovasculares  que conferem grande impacto em morbi-mortalidade. Serão selecionados pacientes com dm1 < 12 anos submetidos a avaliação clinca  laboratorial  além de rastreio de transtorno alimentar. A função endotelial será avaliada através do laser speckle e a neuropatia através dos escores de sintomas neuropáticos  exame neurologico e dos testes reflexos cardiovasculares.","Alessandra Saldanha Matheus Fernandes Da Costa"
"RELAÇÃO ENTRE AS MEDIDAS TOMOGRÁFICAS DE TECIDOS MOLES E DUROS  POSICIONAMENTO RADICULAR SAGITAL  E A CLASSIFICAÇÃO DO FENÓTIPO PERIODONTAL EM ELEMENTOS ÂNTERO-SUPERIORES.","O fenótipo periodontal é de extrema importância para um planejamento adequado principalmente em áreas estéticas. O posicionamento do dente no alvéolo permite verificar a possibilidade de implantes imediatos. O objetivo desse estudo será correlacionar a espessura de tecido mole com a espessura do osso vestibular dos elementos antero-superiores  através de medições realizadas em tomografias de feixe cônico e correlacioná-las com o fenótipo periodontal e com o posicionamento radicular sagital.","Alexandra Tavares Dias"
"A ABORDAGEM INTEGRAL DA SAÚDE DA CRIANÇA COM SÍNDROME DE DOWN (SD) NO EIXO TRANSVERSAL DA FORMAÇÃO CURRICULAR DA GRADUAÇÃO EM ENFERMAGEM","Projeto de pesquisa que visa avaliar o conhecimento dos estudantes de graduação em enfermagem sobre síndrome de down lecionados do 1º ao 9º período da graduação em enfermagem.Esse projeto de pesquisa será um estudo descritivo  exploratório e qualitativo. Desta forma tem-se como cenário uma instituição de ensino superior pública do estado do rio de janeiro  onde os alunos estejam cursando do 1 ao 9 período da graduação em enfermagem.","Aline Silva Da Fonte Santa Rosa De Oliveira"
"PROJETO INTEGRADO CRECHE PROMOTORA DA AMAMENTAÇÃO E DA ALIMENTAÇÃO COMPLEMENTAR ADEQUADA","O projeto tem como objetivo fomentar ações de promoção da amamentação e da alimentação complementar saudável em creches de um município localizado na baixada fluminense do rio de janeiro  a partir do mapeamento diagnóstico das ações e de ações de intervenção para formação profissional e elaboração de plano de ação para implementação de creches promotoras da amamentação e alimentação complementar saudável.","Amanda Da Silva Franco"
"DESENVOLVIMENTO DE GÉIS À BASE DE EXTRATO DE UVA URSI E ÓLEOS ESSENCIAIS DE EUCALIPTO CITRIODORA E MELALEUCA PARA APLICAÇÃO ODONTOLÓGICA","Géis com extrato de uva ursi e óleos essenciais de eucalipto citriodora e melaleuca serão desenvolvidos a partir da concentração inibitória mínima para candida albicans. As características físico-químicas serão avaliadas por teste de centrifugação  estabilidade  características organolépticas  ph  espalhabilidade e seringabilidade. A atividade antimicrobiana para c. Albicans será avaliada por difusão em ágar e contagem de ufc/ml.","Ana Beatriz Vilela Teixeira"
"AVALIAÇÃO DAS COMORBIDADES E DO TRATAMENTO MEDICAMENTOSO DE PACIENTES COM ACROMEGALIA EM UM HOSPITAL UNIVERSITÁRIO","A acromegalia é uma doença sistêmica crônica  rara causada pela secreção excessiva de hormônio do crescimento (gh). Apresenta múltiplas comorbidades: cardíacas  respiratórias  bucomaxilofaciais  musculoesqueléticas  de qualidade de vida  maior incidência de neoplasias. Este projeto visa estudar comorbidades em pacientes com acromegalia  assim como o tratamento medicamentoso com octreotide lar e lanreotide.","Ana Beatriz Winter Tavares"
"OFICINAS CULINÁRIAS SUSTENTÁVEIS: CARACTERIZAÇÃO E AVALIAÇÃO DA SATISFAÇÃO DOS PARTICIPANTES","Projeto de pesquisa e extensão com enfoque no preparo de leguminosas  feijões  lentilhas  ervilha  grão de bico  entre outros  por serem alimentos ricos nutricionalmente e de baixo impacto ambiental. O projeto visa a curadoria  desenvolvimento e avaliação de receitas com leguminosas  a realização de oficinas e a caracterização e avaliação dos participantes no que diz respeito às habilidades culinárias e consumo de leguminosas.","Ana Claudia Mazzonetto"
"A ENFERMAGEM PROMOVENDO ATIVIDADES LÚDICAS PARA O CONFORTO DAS CRIANÇAS EM CUIDADOS PALIATIVOS","Esse projeto pretende abarcar crianças e seus familiares demonstrando a importância de utilizar o lúdico para minimizar o sofrimento da hospitalização infantil. Preparar crianças para a experiência da hospitalização baseia-se no princípio de que o medo do desconhecido (fantasia) excede o medo do conhecido  reduzindo esses elementos e os estresses inevitáveis da hospitalização  o brincar modifica o cotidiano da internação e a criança transpõe as barreiras do adoecimento.","Ana Claudia Moreira Monteiro"
"AVALIAÇÃO DO GRAU DE RIGIDEZ ARTERIAL EM PACIENTES PORTADORES DE DOENÇA INFLAMATÓRIA INTESTINAL","Trata-se de um estudo clínico transversal com indivíduos com diagnóstico de doença inflamatória intestinal. Os pacientes serão divididos de acordo com a presença ou não de atividade da doença. Os parâmetros hemodinâmicos serão obtidos através de um método oscilométrico que verifica a velocidade de onda de pulso  marcador de rigidez arterial. A principal hipótese do estudo é que existe associação entre doença inflamatória intestinal  sobretudo em atividade  e maior grau de rigidez arterial","Ana Teresa Pugas Carvalho"
"""CRESCER E DESENVOLVER COM POSTURA E OSSOS FORTES""","As doenças relacionadas à infância e adolescencia ganham maior importância quando estabelecemos uma conexão entre sua prevenção através da promoção da saúde. Muito além  nessa idade eles são excelentes ""vetores"" da propagação de conhecimento  contagiando familiares e sociedade  e assim transformando-os.","André Luiz De Campos Pessoa"
"RELAÇÃO ENTRE O CONSUMO DE MEDICAMENTOS DE USO CONTÍNUO E O ESTILO DE VIDA NA ZONA OESTE DO RIO DE JANEIRO","O projeto se baseia no estudo da relação entre hábitos dietéticos e de atividade física com o consumo de medicamentos de uso contínuo em indivíduos atendidos pelas unidades de saúde da zona oeste do rio de janeiro. Além disso  objetiva-se avaliar também o consumo desses medicamentos em diferentes faixas etárias e profissões. O projeto tem estrutura baseada em um questionário a ser elaborado e aplicado aos pacientes da zona oeste do rio de janeiro.","André Luiz Fonseca De Souza"
"ASSOCIAÇÃO ENTRE A CARGA DE TRABALHO SENTIDA PELOS CUIDADORES E A CAPACIDADE FUNCIONAL DO PACIENTE COM TRANSTORNO MENTAL E O DESEMPENHO DE TAREFAS DIÁRIAS DE AUTOCUIDADO","Familiares são principais cuidadores de pessoas com transtornos mentais. Na saúde bucal o cuidador deve estar bem e motivado. Estudo descritivo  transversal e quantitativo objetiva associar carga de trabalho de cuidadores e capacidade funcional do paciente com transtorno mental a partir da análise de questionário sociodemográfico e associação de escala zarit burden interview e medida de independência funcional. Espera-se contribuir para que possam ser facilitadores na assistência odontológica.","Andréa Lanzillotti Cardoso"
"CONGESTÃO PULMONAR NA INSUFICIÊNCIA CARDÍACA : USO DO ULTRASSOM NO PROCESSO DE ENSINO-APRENDIZAGEM DE ENFERMAGEM","Trata-se de uma proposta de pesquisa para ensino e aprendizagem do uso de ultrassom como instrumento de exame físico na avaliação da congestão em pacientes com insuficiência cardíaca no contexto da assistência de enfermagem . Tendo em vista a crescente utilização do ultrassom como ferramenta propedêutica à beira leito   o presente estudo se propõe a relacionar os achados semiológicos de congestão no exame físico e os achados de imagem por meio do ultrassom por graduandos de enfermagem.","Andrezza Serpa Franco"
"DESCARTE DE MEDICAMENTOS E ESTRATÉGIAS PARA SENSIBILIZAÇÃO DA POPULAÇÃO: REVISÃO DE ESCOPO (ACRÔNIMO: DESCARMED)","O descarte incorreto de medicamentos é considerado problema mundial e prioritário de saúde pública  que gera impacto econômico e ambiental  necessitando de políticas para a mitigação da poluição farmacêutica. Ações educativas para conscientizar a população são necessárias  devido à complexidade do tema. Sendo assim  o projeto tem objetivos que se complementam: mapear a literatura disponível e desenvolver estratégias educativas para a sensibilização sobre o descarte correto de medicamentos.","Bárbara Da Silva e Souza Lorca"
"PERCEPÇÃO DOS ACOMPANHANTES DAS CRIANÇAS QUANTO ÀS ORIENTAÇÕES DE ENFERMAGEM PERIOPERATÓRIAS.","O momento cirúrgico geralmente o paciente enfrenta muitos medos  dúvidas e dificuldades  tendo que em muitas vezes realizar alterações de hábitos e comportamentos. Objetivo geral: analisar a percepção dos acompanhantes das crianças quanto às orientações de enfermagem perioperatórias. Será realizado na enfermaria pediátrica do hospital universitário pedro ernesto. A coleta de dados acontecerá por meio de entrevista semi-estruturada  aos acompanhantes das crianças em situação cirúrgica.","Carlos Eduardo Peres Sampaio"
"PADRONIZAÇÃO DE UM MODELO DE TERAPIA POR PRESSÃO NEGATIVA DE BAIXO CUSTO PARA UTILIZAÇÃO EM UM HOSPITAL UNIVERSITÁRIO","A utilização da terapia por pressão negativa (tpn) tem sido uma importante alternativa no tratamento de feridas complexas  mas sua utilização em larga escala é limitada pelo seu alto custo. Tal limitação impulsionou o desenvolvimento de sistemas ""homemade"" de baixo custo  com resultados equivalentes aos dispositivos comerciais validados pela literatura médica atual. O objetivo deste trabalho é padronizar um modelo de tpn  e comparar seus custos aos dos modelos comerciais atualmente disponíveis.","Carlos Eduardo Virgini Magalhães"
"ESTUDO DAS DOENÇAS TROPICAIS NEGLIGENCIADAS NA ZONA OESTE DO RIO DE JANEIRO COM ÊNFASE NA AP 5.2","Trata-se de um estudo de identificação do perfil epidemiológico das doenças tropicais negligenciadas na zona oeste com ênfase na ap 5.2. Espera-se que este estudo contribua com a demonstração da evolução das dtn no território  assim como a discussão crítica sobre a possível subnotificação  além da identificação dos principais determinantes e condicionantes sociais que potencializam o risco do processo de adoecimento no território.","Carmelinda Monteiro Costa Afonso"
"ASSISTÊNCIA DE ENFERMAGEM NO MANEJO DE SONDAS DE ALIMENTAÇÃO ENTERAL NO CONTEXTO DA SEGURANÇA DO PACIENTE","Trata-se de um projeto de pesquisa voltado para assistência de enfermagem no manejo de sondas de alimentação enteral no contexto da segurança do paciente. Objetivo: analisar as práticas assistenciais no manejo das sondas de alimentação enteral pela enfermagem em pacientes críticos. Pesquisa descritiva  transversal  observacional e documental. A amostra será composta pelos pacientes em uso de sondas internados nos centros de terapia intensiva de um hospital no estado do rio de janeiro.","Caroline De Deus Lisboa"
"AVALIAÇÃO DA CIRURGIA ROBÓTICA EM UROLOGIA NO SISTEMA PUBLICO DE SAÚDE","Estudo prospectivo e controlado comparando a prostatectomia radical robótica com a prostatectomia radical aberta anterógrada (praa) para o tratamento do câncer de próstata (cap) não metastático  principal tumor maligno do homem  62 a cada 100.000. A cirurgia robótica apesar de melhorar os resultados acrescentou altíssimo custo e limitado acesso para o sus. A praa não acresce custo e reproduz a robótica com resultados semelhantes  seja oncológicos  funcionais  tempo de internação e complicações.","Celso Mario Costa Lara"
"VIOLÊNCIA COMUNITÁRIA E SINTOMAS DEPRESSIVOS E ANSIOSOS EM ADULTOS","O objetivo desta pesquisa é avaliar se a exposição à violência comunitária está associada a maior chance de sintomas depressivos e ansiosos em adultos. Trata-se de um estudo transversal do tipo inquérito. Foram desenvolvidos índices de violência comunitária baseados nos registros da polícia civil. Serão analisados em modelos de regressão logística os desfechos depressão e ansiedade  controlados por raça  idade  gênero e classe social  tendo como variável de exposição a violência comunitária.","Claudia Reis Miliauskas"
"DESENVOLVIMENTO DE METODOLOGIAS ALTERNATIVAS PARA AVALIAÇÃO DA SOLUBILIDADE DE CIMENTOS ENDODÔNTICOS HIDROFÍLICOS: UMA ANÁLISE CRÍTICA DAS NORMAS ISO E ANSI/ADA","O objetivo do projeto é promover um melhor entendimento da solubilidade dos cimentos endodônticos hidroflíficos através de novas estratégias metodológicas. As normas padronizadas internacionais apresentam limitações na avaliação da solubilidade desses materiais. O projeto propõe comparar o efeito da evaporação total da umidade das amostras antes das pesagens  bem como a influência de recipientes com composição diferente de vidro ou porcelana  na solubilidade dos cimentos endodônticos.","Cláudio Malizia Alves Ferreira"
"AVALIAÇÃO DE SINTOMAS E QUALIDADE DE VIDA NOS PACIENTES COM NEOPLASIAS MIELOPROLIFERATIVAS CRÔNICAS BCR-ABL NEGATIVAS (NMP). LEVANTAMENTO DE DADOS CLÍNICOS E DEMOGRÁFICOS DESTA COORTE NO BRASIL","As neoplasias mieloproliferativas (nmps)  são um grupo de doenças raras que se caracterizam pela presença de diferentes sintomas  que podem interferir na qualidade de vida (qv) e na sobrevida dos pacientes. Não há dados em relação a sua incidência e frequência  características demográficas  clínicas  sintomas  qv e tratamento no brasil. Logo  a aplicação de um questionário de sintomas torna-se uma ferramenta essencial para auxiliar na escolha de seu tratamento e na introdução de novas drogas.","Cristiana Solza"
"FORMAÇÃO UNIVERSITÁRIA DO CIDADÃO-ENFERMEIRO: A QUALIFICAÇÃO DO CUIDADO DE SAÚDE DA POPULAÇÃO LGBT","Projeto objetiva analisar a adequação curricular das faculdades de enfermagem nacionais às necessidades de conhecimentos dos discentes para atender às políticas públicas de saúde lgbt. A metodologia incluirá revisão integrativa da literatura  análise documental dos currículos  aplicação de questionário e entrevista semiestruturada aos discentes e docentes da faculdade de enfermagem -uerj. Os dados serão analisados quantitativamente e- programa qualitativamente.","Cristiane Maria Amorim Costa"
"AVALIAÇÃO DE TECNOLOGIAS EM SAÚDE E A USABILIDADE DE EQUIPAMENTOS MÉDICO-ASSISTENCIAIS E FATOR HUMANO PARA SEGURANÇA DO PACIENTE","Estudo de abordagem quanti-qualitativa e de natureza descritivo-observacional  que trata da avaliação situada de usabilidade de equipamentos médicos assistenciais nos moldes da avaliação de tecnologias em saúde (ats). Objetiva descrever o perfil dos profissionais de enfermagem atuantes nas unidades de atendimento clínica e cirúrgica; e avaliar a usabilidade situada dos sistemas de alarmes de equipamentos médico-assistenciais utilizados nas unidades de atendimento clínica e cirúrgica.","Cristiano Bertolossi Marta"
"AVALIAÇÃO DA SUPRESSÃO DO CORTISOL PLASMÁTICO COM 1 E 2 MG DE DEXAMETASONA  EM PACIENTES COM OBESIDADE E EM PREPARO PARA CIRURGIA BARIÁTRICA.","O presente estudo tem como objetivo avaliar a prevalência de hipercortisolismo endógeno nos pacientes em pré-operatório de cirurgia bariátrica e a implicação deste em desfechos no pós-operatório (taxa de perda de peso  taxas de reganho de peso  número e gravidade das complicações cirúrgicas  melhora das comorbidades). A metodologia utilizada é a de estudo retrospectivo através da coleta de dados de prontuários  avaliando a supressão do cortisol plasmático com 1 e 2 mg de dexametasona.","Daniel Barretto Kendler"
"AVALIAÇÃO DA CONTRIBUIÇÃO DO SEQUENCIAMENTO GENÉTICO NA DEFINIÇÃO PROGNÓSTICA DE PACIENTES COM CÂNCER DE PRÓSTATA SUBMETIDOS A HEMIABLAÇÃO COM ULTRASSOM FOCADO DE ALTA INTENSIDADE (HIFU)","Estudo de coorte longitudinal de 100 pacientes submetidos a hifu ea sgn para identificação de mutações germinativas. Os pacientes serão divididos em grupos de acordo com o aparecimento de nova lesão tumoral na biópsia de acompanhamento objetivo: correlacionar variantes genômicas germinativas com a recidiva neoplásica do cp","Daniela Bouzas Rodeiro"
"IMPACTO METABÓLICO DO CONSUMO DE OLEOGEL ESTRUTURADO COM QUITOSANA  ESTUDO PRÉ-CLÍNICO EM CAMUNDONGOS C57BL/6 COM FOCO NO TECIDO HEPÁTICO","Com a retirada das gorduras trans do mercado  surge a demanda por alternativas saudáveis e que apresentem atributos tecnológicos para aplicação nos produtos alimentícios. Os oleogéis constituídos de óleo vegetal estruturado são alternativas promissoras. Pretende-se investigar o consumo de oleogel rico em ácidos graxos poliinsaturados e estruturado com quitosana sobre o metabolismo lipídico e a homeostase glicêmica  em camundongos c57bl/6 alimentados com dieta controle ou obesogênica.","Daniela De Barros Mucci"
"ESTRATÉGIAS PARA REDUÇÃO DA REINCIDÊNCIA DA GRAVIDEZ NA ADOLESCÊNCIA","O objetivo deste estudo é promover ações visando a redução da reincidência da gravidez na adolescência após identificar os principais motivos. O desenho de estudo será de coorte prospectivo constituído pelas gestantes adolescentes atendidas no hupe-uerj e maternidade escola da ufrj  com seguimento de dois anos. Serão identificados os principais motivos que emergirão das rodas de conversa no pré-natal e a efetividade da contracepção pós-parto para evitar a reincidência de gestação.","Denise Leite Maia Monteiro"
"AVALIAÇÃO DO IMC E TESTES FÍSICOS EM ESTUDANTES DO ENSINO FUNDAMENTAL I DO CAP-UERJ AO LONGO DO PERÍODO LETIVO.","Os estudantes do cap-uerj têm a normalmente são matriculados 30 estudantes com 6 anos de idade média no 1ª ano do fundamental i e passam por doze anos de suas vidas no instituto de aplicação. Serão medidas a estatura e a massa corporal e índice de massa corpórea (imc). Sobre os testes físicos eles serão realizados pelo protocolo do projeto esporte brasil  no qual  existe classificações e padronizações.","Dionizio Mendes Ramos Filho"
"ESTRATIFICAÇÃO E MOBILIDADE SOCIAL  DESIGUALDADES EM SAÚDE: O CASO DA PANDEMIA DE OBESIDADE","Esta proposta é uma fase ampliada de análises de dados coletados em 4 ondas do estudo pró-saúde (eps)  uma coorte prospectiva iniciada em 1999 com 4030 funcionários públicos de campi universitários no estado do rj. Visa-se adicionar conhecimentos sobre a rede causal do índice de massa corporal (imc) - obesidade  via análises longitudinais (associações independentes/categorias interseccionais). Foram incluídas análises preliminares de dados que revelaram tendência ao aumento de imc no período.","Eduardo Faerstein"
"IMPLANTES ANTERIORES IMEDIATOS: PLANEJAMENTO  PREVISIBILIDADE E ESTÉTICA.","Este trabalho faz parte de um projeto clínico longitudinal multicêntrico conduzido pela pós-graduação stricto sensu  o qual insere alunos de graduação e pós-graduação de mestrado e doutorado de duas ies e um centro de desenvolvimento de implantes.Objetivo principal: avaliar a estética peri-implantar de implantes imediatos com provisionalização imediata na região anterior da maxila. Objetivo secundário: avaliar a previsibilidade de obtenção de estabilidade primária com o planejamento virtual.","Eduardo Jose Veras Lourenco"
"O CUIDADO AO PARTO DESENVOLVIDO PELA ENFERMAGEM OBSTÉTRICA NA CASA DE PARTO DAVID CAPISTRANO FILHO-RJ","Introdução: a casa de parto do rio de janeiro se configura como um cenário de cuidado cuja assistência é de responsabilidade de enfermeiras obstétricas. Objetivo geral: analisar o cuidado ao parto desenvolvido pela enfermagem obstétrica na casa de parto david capistrano filho-rj. Método: trata-se de um estudo transversal  retrospectivo  com abordagem quantitativa. Será realizado com dados dos prontuários de mulheres que pariram na casa de parto  no período de 2004 a 2018.","Edymara Tatagiba Medina"
"EFEITOS DO USO DOMÉSTICO DA TDCS ASSOCIADA A EXERCÍCIOS FÍSICOS NOS MARCADORES ELETROFISIOLÓGICOS  REDUÇÃO DA DOR E FADIGA NA DOR CRÔNICA","O objetivo do estudo é examinar os efeitos de uma intervenção domiciliar com tdcs associada a exercícios físicos (ef). Os participantes serão aleatoriamente alocados nos seguintes grupos: ef; efp (exercício físico placebo); tdcs; ef + tdcs; e efp+ tdcs. Serão analisados marcadores eletrofisiológicos e marcadores clínicos. Nossa hipótese primária é que a intervenção doméstica com tdcs associada ao exercício físico terá efeito superior.","Egas Caparelli Moniz De Aragão Dáquer"
"PROMOÇÃO DA SEXUALIDADE FEMININA NO PERÍODO GRAVÍDICO-PUERPERAL","Objetivo geral: analisar a promoção da sexualidade feminina no período gravídico-puerperal  na ótica das mulheres que vivenciam e das enfermeiras que cuidam. Método: trata-se de uma pesquisa de campo  com abordagem qualitativa  do tipo exploratória e descritiva. A coleta de dados será por meio de entrevista semiestruturada  com enfermeiras e com mulheres (gestantes  puérperas). Análise dos dados será adotada a análise temática.","Elaine Lutz Martins"
"AVALIAÇÃO CLÍNICA-EPIDEMIOLÓGICA DE PACIENTES PORTADORES DO TRANSTORNO BIPOLAR NO AMBULATÓRIO ESPECIALIZADO BIPOLAB-UERJ","O transtorno bipolar (tb) é caracterizado por oscilações no estado de humor e energia. O tb tem sido associado à desregulação de fatores inflamatórios  estresse oxidativo e síndrome metabólica (sm) bem como elevada co-morbidade com transtorno por uso de álcool(tua) que  por sua vez  também guarda íntima reação com a sm. Este estudo visa avaliar o perfil clínico-epidemiológico e metabólico de pacientes tb com e sem co-morbidade com tua e realizar atividades de psicoeducação com seus familiares.","Estêvão Scotti Muzzi Marques Leitao"
"ESTUDO PROSPECTIVO DE PROSTATECTOMIA RADICAL COM TÉCNICA DE DISSECÇÃO ANTERÓGRADA E ANASTOMOSE POR SUTURA CONTÍNUA","Estudo prospectivo  randomizado e controlado de nova técnica cirúrgica para o tratamento do câncer de próstata (cap) não metastático  principal tumor maligno do homem  62 a cada 100.000. A prostatectomia radical é o padrão ouro de tratamento  a cirurgia robótica melhorou os resultados mas acrescentou altíssimo custo e limitado acesso para o sus. A cirúrgica aberta prostatectomia radical anterógrada não acresce custo e reproduz a robótica com resultados semelhantes  seja oncológicos ou funcionais","Fabricio Borges Carrerette"
"PREVALÊNCIA DE ANQUILOGLOSSIA EM RECÉM-NASCIDOS EM UM HOSPITAL MATERNIDADE NA CIDADE DO RIO DE JANEIRO E SUA RELAÇÃO COM O DESMAME PRECOCE","Diversos fatores podem afetar a amamentação  entre eles  a anquiloglossia  uma condição congênita que limita a movimentação da língua. Este estudo visa identificar a prevalência de anquiloglossia em recém-nascidos no rio de janeiro e sua associação com o desmame precoce. Serão examinados bebês saudáveis em amamentação. As mães serão entrevistadas aos 15 dias e 1  3  6 e 24 meses para monitorar o aleitamento. Espera-se identificar as dificuldades associadas a amamentação e anquiloglossia.","Fernanda Barja Fidalgo Silva De Andrade"
"RESTRIÇÃO DE CRESCIMENTO FETAL EM GESTANTES COM LÚPUS ERITEMATOSO SISTÊMICO: RESULTADOS PERINATAIS","O lúpus eritematoso sistêmico (les) é associado ao risco de eventos adversos na gestação como a restrição de crescimento fetal (rcf). Este projeto objetiva estudar os resultados perinatais de fetos com rcf em gestantes com les. Estudaremos os desfechos perinatais dos fetos com rcf comparando fetos de crescimento normal em mulheres com les acompanhadas no hupe entre 2011 a 2024. Análises preliminares demonstraram uma taxa de resultados adversos de 33 1%.","Fernando Maia Peixoto Filho"
"AVALIAÇÃO DO DESEMPENHO DA ELASTOGRAFIA ESPLÊNICA TRANSITÓRIA NA PREDIÇÃO DE HIPERTENSÃO PORTAL CLINICAMENTE SIGNIFICATIVA ATRAVÉS DA DETECÇÃO DE VARIZES DE ESÔFAGO COM INDICAÇÃO DE TRATAMENTO","Deve-se rastrear hipertensão portal clinicamente significativa (hpcs) em pacientes com doença hepática crônica avançada compensada (dhcc) idealmente não invasivamente. As elastografias hepática (eh) e esplênica (ee) tem boa correlação com hpcs.Objetivo detectar hpcs em pacientes com dhcc através da eh e ee  usando as varizes esofágicas (ve) como referência.Estudo transversal multicêntrico  prospectivo multicentrico.","Flavia Ferreira Fernandes"
"ALOIMUNIZAÇÃO ERITROCITÁRIA EM PESSOAS PORTADORAS DE DOENÇA FALCIFORME ATENDIDAS NO HOSPITAL UNIVERSITÁRIO PEDRO ERNESTO: FREQUÊNCIA  PERFIL FENOTÍPICO E ESTRATÉGIAS EDUCATIVAS.","A formação de aloanticorpos eritrocitários repercute em hemólise tardia  mal aproveitamento transfusional  dificuldade na seleção de doadores compatíveis  hiper-hemólise  etc. Este estudo  visa descrever a ocorrência de aloimunização eritrocitária em pessoas portadoras de doença falciforme  atendidas no hospital universitário pedro ernesto (hupe)/uerj  identificar fenótipos de risco e elaborar material educativo para os usuários  ressaltando a importância de uma transfusão segura.","Flavia Miranda Gomes De Constantino Bandeira"
"PESQUISAS INTEGRADAS EM NEUROCIRURGIA: NEOPLASIAS; DOENC&#807;AS VASCULARES; CIRURGIA FUNCIONAL  DOENC&#807;AS DOS NERVOS PERIFE&#769;RICOS; CIRURGIA DA COLUNA VERTEBRAL; CIRURGIA PEDIA&#769;TRICA E MODELOS NEUROCIRU&#769;RGICOS EM 3D","A neurocirurgia é uma especialidade da medicina que inclui o estudo do sistema nervoso e suas aplicações clínicas e terapêuticas. Existem poucas vagas disponíveis para a pesquisa nessa área. O objetivo do projeto é despertar a vocação científica em neurocirurgia entre os estudantes de medicina da universidade do estado do rio de janeiro. Esperamos que ao final do programa  o aluno tenha adquirido as habilidades básicas para iniciar  desenvolver e publicar um trabalho científico de qualidade.","Flavio Nigri"
"EXPRESSÕES DO DESENVOLVIMENTO DA LIDERANÇA NO CONTEXTO DA ENFERMAGEM EM INSTITUIÇÕES HOSPITALARES DE ENSINO","O projeto se debruça sobre a temática da liderança no contexto do trabalho da enfermagem. Tem como objetivo investigar as expressões a liderança no trabalho da enfermagem no contexto hospitalar. Está desenhado considerando três etapas  que recorta o tema principal em subtemas  e são desenvolvidas em um horizonte temporal de três anos. O projeto intenta produzir um modelo para o estudo da liderança em enfermagem no âmbito de instituições hospitalares de cuidado a saúde","Frances Valéria Costa e Silva"
"APRENDER BRINCANDO (BRINK ENDO)","Nas diversas modalidades pedagogicas  além do conhecimento e embasamento cientifico  e esperado do docente criatividade e variados recursos em sua atividade de ensino  buscando alternar aulas expositivas com outras dinamicas que envolvam o aluno de forma ativa no processo de aprendizado. Este projeto visa o desenvolvimento de jogos e brincadeiras com perguntas e respostas e especificas da odontologia para estimular a sedimentaçao dos saberes de um jeito ludico  informal e eficiente.","Georgiana Amaral"
"PROCESSO DE ENFERMAGEM E TECNOLOGIAS DE CUIDADO NO ÂMBITO DA ENFERMAGEM DERMATOLÓGICA","Trata-se de uma proposta de projeto de pesquisa voltado para o processo de enfermagem e tecnologias do cuidado no âmbito do cuidado a pacientes com afecções cutâneas. Tem-se por objetivo: desenvolver ações de cuidados voltados à pessoas com afecções cutâneas no contexto hospitalar.","Glycia De Almeida Nogueira"
"METODOLOGIAS DE ENSINO APLICADAS ÀS LUTAS CORPORAIS  ARTES MARCIAIS E ESPORTES DE COMBATE","O objetivo do presente projeto é propor uma metodologia de ensino dos esportes de combate  utilizando o judô como exemplo. Pretendemos que o projeto suporte as produções dos discentes interessados nesta área de estudo  que participarão de treinamento para elaboração de revisões sistemáticas. Os resultados destas revisões fundamentarão a elaboração de novas estratégias de ensino dos esportes de combate  criando  ainda  uma interface com o projeto de extensão núcleo de iniciação ao judô da uerj.","Iedda De Almeida Brasil"
"ALTERAÇÕES ANTROPOMÉTRICAS  METABÓLICAS E INFLAMATÓRIAS EM CRIANÇAS PRÉ-PÚBERES COM EXCESSO DE PESO E SUAS CORRELAÇÕES E ASSOCIAÇÕES COM A GORDURA ABDOMINAL","Obesidade infantil é prevalente. Gordura abdominal é associada a fatores de risco cv. O estudo objetiva buscar associações e correlações dos marcadores de risco cardiovascilar  em especial citocinas inflamatórias e não-inflamatórias  com gordura abdominal avaliada através de us  em crianças com e sem obesidade  pré-púberes. Serão calculadas médias  medianas e frequências das variáveis estudadas e analisadas correlações e associações.","Isabel Rey Madeira"
"DESENVOLVIMENTO DE PRODUTOS E RECEITAS PARA DIETAS COM RESTRIÇÕES ALIMENTARES E PESQUISAS DE CONSUMO DE ALIMENTOS CAUSADORES DE ALERGIAS OU INTOLERÂNCIAS ALIMENTARES","A exclusão de glúten  lactose e/ou laticínios da dieta nem sempre é motivada somente por necessidade fisiológica. O projeto visa identificar o perfil de indivíduos quanto ao consumo  opinião e conhecimento sobre o glúten  através de questionário online  bem como desenvolver receitas e produtos sem glúten e/ou laticínios com aspecto inovador e que faltam no mercado brasileiro  com caracterização física  estimativa de composição e análise sensorial que inclua indivíduos com restrições alimentares.","Isabelle Santana"
"ESTUDO DOS EFEITOS DA ESTIMULAÇÃO TRANSCRANIANA DE CORRENTE CONTÍNUA DE ALTA DEFINIÇÃO (HD-TDCS) EM PACIENTES APÓS ACIDENTE VASCULAR ENCEFÁLICO EM TERAPIA COMBINADA COM ABOBOTULINUMTOXINA","O presente estudo tem como objetivo investigar efeitos da estimulação transcraniana de corrente contínua de alta definição (hd-tdcs) em pacientes após acidente vascular encefálico em terapia combinada com abobotulinumtoxina. A hipótese é de que o hd-tdcs associado à abobotulinumtoxina (abo) será mais eficiente para reduzir a espasticidade e melhorar a funcionalidade dos pacientes  proporcionando maior aderência ao tratamento.","Janine Ribeiro Camatti"
"PERFIL DA FUNCIONALIDADE DE PESSOAS IDOSAS NO CONTEXTO DE INTERNAÇÕES EM ENFERMARIAS CLÍNICAS","Trata-se de um recorte de um projeto de pesquisa que visa atender às demandas de pesquisas relacionadas ao idoso contexto de internações em enfermarias clínicas. Espera-se contribuir para a formação de graduandos com potencial para desenvolvimento de habilidades para realização de pesquisas na área da enfermagem por meio da participação ativa destes graduandos em atividades de pesquisa sobre a funcionalidade de pessoas idosas hospitalizadas no contexto dos serviços de enfermaria clínica.","Jéssica De Castro Santos"
"ELABORAÇÃO E VALIDAÇÃO DE UM VÍDEO EDUCATIVO ACERCA DO BRINCAR PARA FAMÍLIA DA CRIANÇA HOSPITALIZADA","Estudo metodológico de elaboração e validação de um vídeo educativo acerca do brincar para a família da criança hospitalizada  que ocorrerá em cinco etapas: busca de temas por meio de duas revisões integrativas já publicadas e entrevista semiestruturada mediada pelo desenho com familiares de crianças hospitalizadas; elaboração do vídeo educativo; validação do vídeo por juízes especialistas e por familiares de crianças hospitalizadas; elaboração final do vídeo educativo.","Jéssica Renata Bastos Depianti"
"CARACTERIZAÇÃO FUNCIONAL  MORFOLÓGICA E BIOMECÂNICA DE INDIVÍDUOS PRATICANTES DE DIFERENTES TIPOS EXERCÍCIOS FÍSICOS","Atualmente muitas pessoas estão sendo submetidas aos diversos estímulos e o uso indevido desses estímulos pode prejudicar os praticantes. Deste modo  o objetivo deste projeto é identificar o perfil funcional  morfológico e biomecânico de indivíduos praticantes de diferentes tipos de exercícios físicos. Os resultados das avaliações podem ser usados para ajudar a aumentar a eficiência e identificar como os indivíduos estão avançando na direção dos objetivos propostos.","Jomilto Luiz Praxedes Dos Santos"
"ANÁLISE POR ELASTOGRAFIA TRANSITÓRIA  HISTOLOGIA  E POLIMORFISMO GENÉTICO DA ADIPONUTRINA NO TECIDO HEPÁTICO EM PACIENTES SUBMETIDOS À CIRURGIA BARIÁTRICA","Avaliar a doença hepática esteatótica associada à disfunção metabólica através da histologia hepática nos pacientes submetidos à cirurgia bariátrica e a sua relação com: a elastografia hepática tecido adiposo visceral intra-abdominal  o polimorfismo genético através do pnpla-3(adiponutrina) e dos marcadores bioquímicos  de adipocinas e estresse oxidativo.","Jorge Eduardo Da Silva Soares Pinto"
"AVALIAÇÃO TRIDIMENSIONAL DA ESTABILIDADE ESQUELÉTICA  DO DESLOCAMENTO CONDILAR E DA REMODELAÇÃO ADAPTATIVA EM PACIENTES CLASSE III SUBMETIDOS A CIRURGIA ORTOGNÁTICA PELA ABORDAGEM DO BENEFÍCIO ANTECIPADO E ALINHADORES ORTODÔNTICOS","As alterações na posição condilar como resultado da cirurgia ortognática levam à remodelação adaptativa do côndilo. Entretanto há poucos estudos com análises tridimensionais da reabsorção condilar como resultado da cirurgia ortognática em pacientes classe iii. A existência de tais resultados fornecerá uma compreensão de alterações condilares em pacientes com má oclusão classe iii após a abordagem do benefício antecipado.","Jose Augusto Mendes Miguel"
"FATORES DE RISCO BIOMECÂNICOS ASSOCIADOS A PREVENÇÃO PRIMÁRIA DE OSTEOARTROSE DE JOELHO EM OBESOS VISANDO A CAMINHADA COMO ESTRATÉGIA DE CONTROLE PONDERAL","A obesidade aumenta o risco de desenvolvimento de osteoartrose (oa) de joelho  condição degenerativa que causa dor intensa e limitações funcionais  especialmente na deambulação. O controle ponderal depende da prática regular de exercício físico  sendo a caminhada a modalidade mais popular  que paradoxalmente pode contribuir para o desenvolvimento de oa de joelho em obesos. Entretanto  pouco é abordado em relação a prevenção primária da oa de joelho em obesos praticantes de caminhada.","Joyce Ferreira Carvalho"
"FATORES ASSOCIADOS À INSEGURANÇA ALIMENTAR E DESFECHOS EM SAÚDE E NUTRIÇÃO NO BRASIL","As altas prevalências de insegurança alimentar (ia) demandam políticas públicas que garantam direito humano à alimentação adequada e segurança alimentar e nutricional. Objetivo: identificar as relações entre fatores associados à ia e a relação dela com desfechos de saúde no brasil. Trata-se de estudo quantitativo e transversal que utilizará dados secundários de inquéritos nacionais. O desenvolvimento auxiliará na estruturação de políticas públicas relacionadas à saúde  alimentação e nutrição.","Juliana De Bem Lignani"
"CONSTRUÇÃO E VALIDAÇÃO DE UM INSTRUMENTO DE ANÁLISE DAS REPERCUSSÕES DAS POLÍTICAS NACIONAIS DE ATENÇÃO BÁSICA NO PROCESSO DE TRABALHO DAS EQUIPES DE ESTRATÉGIA SAÚDE DA FAMÍLIA","Este projeto tem como objetivo geral construir e validar um instrumento de análise das repercussões das políticas nacionais de atenção básica (pnab) no processo de trabalho das equipes de estratégia saúde da família (esf). Trata-se de um estudo metodológico de validação. Esse instrumento será utilizado em futura pesquisa de análise das pnabs no processo de trabalho da esf no município do rio de janeiro.","Juliana Roza Dias"
"GRAVIDEZ NA MULHER PORTADORA DE CARDIOPATIA","A cardiopatia materna se destaca como a principal causa não obstétrica de mortalidade materna com incidência de 4% das gestações. Com o avanço da assistência cardiológica clínica e cirúrgica  não apenas a expectativa de vida  mas também a qualidade de vida dessas mulheres vem gradativamente aumentando. Com essa melhoria a possibilidade de gestação vem crescendo e sendo cada vez mais real no cenário obstétrico. Assim  a pesquisa nesse campo se torna urgente.","Juliana Silva Esteves"
"ALIMENTAÇÃO: SABERES E TRADIÇÕES POR MIGRANTES E REFUGIADOS","Objetiva compreender a alimentação  os saberes e as tradições de migrantes e refugiados no reassentamento. Estudo qualitativo  referencial teórico-metodológico de narrativas de vida de daniel bertaux. A entrevista narrativa empregará a questão: fale sobre sua história de vida que tenha relação com a sua alimentação no brasil. será aplicada a escala brasileira de insegurança alimentar nos participantes  e esses serão convidados a oficinas culinárias e rodas de conversas.","Juliana Vidal Vieira Guerra"
"INFLUÊNCIA DA PERIODONTITE APICAL NO DESENVOLVIMENTO DE ESTEATOSE HEPÁTICA E DOENÇA PULMONAR OBSTRUTIVA CRÔNICA EM RATOS SUBMETIDOS AO CONSUMO DE ÁLCOOL E NICOTINA","O alcoolismo e o tabagismo são graves problemas de saúde pública que podem desencadear esteatose hepática e doença pulmonar obstrutiva crônica (dpoc). A periodontite apical  processo inflamatório que ocorre em resposta à infecção do canal de um dente  pode contribuir para a exacerbação de problemas sistêmicos. Este estudo tem como objetivo avaliar a influência da periodontite apical no desenvolvimento de esteatose hepática e dpoc em ratos submetidos ao consumo crônico de álcool e nicotina.","Karem Paula Pinto"
"(ICJR) EFEITOS DO TREINAMENTO FÍSICO SOBRE A APTIDÃO FÍSICO-FUNCIONAL  NÍVEL DE ATIVIDADE FÍSICA  FUNÇÃO ENDOTELIAL  VARIÁVEIS HEMODINÂMICAS  METABOLISMO ÓSSEO E QUALIDADE DE VIDA DE PACIENTES SUBMETIDOS À CIRURGIA BARIÁTRICA: UM ESTUDO CONTROLADO E RANDOMIZADO","Estudar os efeitos do exercício físico sobre a aptidão físico-funcional  nível de atividade física  função endotelial  variáveis hemodinâmicas  metabolismo ósseo e qualidade de vida de pacientes submetidos à cirurgia bariátrica","Karynne Grutter Lisboa Lopes Dos Santos"
"INTOXICAÇÃO EXÓGENA DE CRIANÇAS E ADOLESCENTES NO RIO DE JANEIRO"," objetivo:analisar o perfil epidemiológico do rio de janeiro em relação à prevalência de casos de intoxicação exógena pediátrica.Promover educação em saúde","Katia Telles Nogueira"
"CLICKTRAUMA: TESTE DE USABILIDADE E ACEITAÇÃO DE UM APLICATIVO MÓVEL NA ÁREA DE ODONTOPEDIATRIA","O clicktrauma é um aplicativo de auxílio no diagnóstico e condutas clínicas para casos de trauma em dentes decíduos e outras aplicabilidades. Visa melhorar a qualidade do atendimento odontopediátrico  utilizando tic. A dificuldade em relação ao diagnóstico e conduta nos casos de traumatismo em dente decíduo em odontologia conduz o objetivo desse trabalho  que será a aplicação de testes de usabilidade deste app  em dispositivos móveis  a ser utilizado por cirurgiões-dentistas.","Katlin Darlen Maia"
"ANÁLISE DA SEGUNDA OPINIÃO EM RADIOLOGIA ODONTOLÓGICA NO MUNICÍPIO DO RIO DE JANEIRO PARA DESENVOLVIMENTO DE CHAT BOT","Os exames por imagens são utilizados na odontologia como ferramenta complementar fundamental no diagnóstico bucomaxilofacial. O presente projeto pretende definir um passo a passo da segunda opinião em radiologia odontológica  analisando o processo através do entendimento das demandas deste serviço no município do rio de janeiro  para o desenvolvimento de uma ferramenta web(chatbot).","Keith Bullia Da Fonseca Simas"
"PERFIL DE SAÚDE GINECOLÓGICA E INTENÇÃO DE VACINAÇÃO CONTRA HPV DE FUNCIONÁRIAS DO HUPE","A prática profissional leva ao desenvolvimento de sentimentos de invulnerabilidade que fazem com que profissionais de saúde relutem em cuidar da própria saúde e a ideologia política influencia os comportamentos e práticas de saúde. A hesitação em vacinar é considerada uma das 10 principais ameaças globais à saúde. O objetivo deste estudo é avaliar o autocuidado com a saúde ginecológica em estudantes e funcionárias e avaliar se a orientação política pode influenciar a aceitação da vacina.","Leila Cristina Soares Brollo"
"VALIDAÇÃO TECHBALANCE® PARA RISCO DE QUEDA EM PACIENTES COM OSTEOARTRITE AVANÇADA DO JOELHO","As quedas são causa importante de trauma e fator de risco de morte em pacientes idosos  e afetam anualmente um terço dos pacientes acima de 60 anos e até metade dos pacientes acima de 80. O uso de dispositivos móveis para determinação do equilíbrio poderiam auxiliar a predispor o risco de queda desses pacientes. O objetivo primário desta proposta é de validar o dispositivo techbalance® como instrumento de predição do risco de queda em pacientes idosos com osteoartrite avançada do joelho.","Liszt Palmeira De Oliveira"
"ANÁLISE DO IMPACTO DE AÇÕES EDUCATIVAS PARA A SEGURANÇA DO PACIENTE","Esta pesquisa busca analisar o impacto de ações educativas para a segurança do paciente. Estudo comparativo  quantitativa  do tipo antes e depois. Serão incluídos profissionais que atuam na assistência aos pacientes e excluídos aqueles de férias ou licença. A coleta de dados será: pré-teste  intervenção educativa e pós teste. Os dados serão tabulados e após realizada estatística descritiva  conforme normalidade dos dados. Para estatística inferencial será realizado o teste qui-quadrado (x2).","Luana Ferreira De Almeida"
"AVALIAÇÃO DA ELASTÂNCIA HEPÁTICA E RIGIDEZ ARTERIAL EM PACIENTES COM APNEIA OBSTRUTIVA DO SONO","A aos é obstrução das vias aéreas no sono  com quadro de hipóxia intermitente relacionado a síndromes metabólicas  como a esteatose hepática. Técnicas diagnósticas nem sempre estão acessíveis  fazendo com que não haja atraso no diagnóstico e tratamento. Também a investigação desta associação com rigidez arterial não foi feita pela literatura  segundo revisão bibliográfica. Esta pesquisa propõe a avaliação do comprometimento na elastância hepática e da rigidez vascular em pacientes com aos.","Lucas Neves De Andrade Lemes"
"DESENVOLVIMENTO DE LIDERANÇA PARA PROMOÇÃO DE MUDANÇAS: CONTRIBUIÇÕES PARA A SEGURANÇA DO PACIENTE","Proposta ic  associada a um projeto que tem por escopo a realização de estudos sobre liderança. ênfase inicial está na concepção de revisão de escopo com objetivo mapear melhores práticas aplicadas para o desenvolvimento de lideranças em enfermagem no contexto hospitalar. Usa metodologia da jbi. Será registrado no osf. Pergunta de revisão: quais são as melhores práticas aplicadas no contexto hospitalar para o desenvolvimento de liderança na enfermagem?","Luciana Guimaraes Assad"
"CARACTERIZAÇÃO E DESENVOLVIMENTO DE NOVOS GÉIS CLAREADORES ATRAVÉS DA ADIÇÃO DE NANO-HIDROXIAPATITA.","A sensibilidade dental é o principal efeito adverso ocasionado pelo tratamento clareador. O objetivo do presente estudo é desenvolver um gel clareador experimental  através da adição de nano-partículas de hidroxiapatita  amplamente utilizadas como agente remineralizador e obliterador dentinário. Inicialmente  serão feitas análises in vitro do potencial clareador  da citotoxicidade e da capacidade de desmineralização dos materiais desenvolvidos  para posteriores avaliações clínicas.","Luciana Meireles Miragaya"
"PROMOÇÃO DE SAÚDE E INTERDISCIPLINARIDADE NO CUIDADO COM A OBESIDADE  ASPECTOS FÍSICOS  DIETÉTICOS  NEUROPSICOLÓGICOS E DE AUTOCUIDADO EM SAÚDE.","Sabemos que a dificuldade no tratamento e prevenção da obesidade deve-se também a sua multifatoriedade. Objetivo: estabelecer protocolos terapêuticos para o tratamento de obesidade grave  considerando modificações de parâmetros corporais  clínicos  cognitivos  bioquímicos através de núcleo multidisciplinar de promoção de saúde.","Luciane Pires Da Costa"
"INTERPOSIÇÃO ILEAL NO TRATAMENTO DE RECIDIVA DA OBESIDADE APÓS DERIVAÇÃO GÁSTRICA COM RECONSTRUÇÃO EM Y DE ROUX: UM ESTUDO CONTROLADO E RANDOMIZADO","O presente projeto objetiva avaliar em pacientes submetidos a cirurgia bariátrica que apresentam recidiva da obesidade  os indicadores de saúde através da avaliação da perda ponderal  da composição corporal  de biomarcadores metabólicos  inflamatórios e dos hormônios incretínicos  além de indicadores de qualidade de vida após a cirurgia revisional denominada interposição ileal.","Luiz Guilherme Kraemer De Aguiar"
"CENÁRIO DE APRENDIZAGEM NO MUNICÍPIO DO RIO DE JANEIRO: ESPAÇO DE CUIDADO  CONHECIMENTO E CIDADANIA NA FORMAÇÃO DO ENFERMEIRO.","Objeto: a avaliação da assistência ao pré-natal realizada pela enfermeira obstétrica no ciclo gravídico-puerperal  segundo os indicadores de qualidade do ms  no período de 2017 a 2020. Objetivo: discutir a qualidade dos registros do prontuário eletrônico das mulheres assistidas no ciclo gravídico puerperal  em consonância com a política de atenção à saúde da mulher. Metodologia: estudo de campo. A estratégia amostral será através dos registros nos prontuários eletrônicos das mulheres.","Luiza Mara Correia"
"IMPLEMENTAÇÃO DE CAPACITAÇÕES PRESENCIAL E ONLINE PARA O USO PROBLEMÁTICO DE ÁLCOOL: ESTRUTURANDO O CUIDADO COLABORATIVO","O uso problemático de álcool atinge 12% dos adultos no brasil. Detecção e tratamento pela atenção primária à saúde (aps) são raros  por preconceito  treinamento inadequado e falta de articulação entre a aps e saúde mental. Desde 2018 este grupo de pesquisa realiza treinamentos integrados destes níveis de cuidado. Nesta nova etapa serão desenvolvidos  implementados e comparados treinamentos conjuntos presenciais e on-line em município do interior do estado e na cidade do rio de janeiro.","Manoela Alves Salgado"
"SEGURANÇA AQUÁTICA: DA ESCOLA PARA A VIDA","O tema segurança aquática é uma proposta de trabalho com estudantes adolescentes do ensino fundamental do cap-uerj. Serão elegíveis 1.080 participantes  6º  7º  8º e 9º anos. Para avaliar o nível de conhecimento preventivo de afogamento ncpa. Os objetivos são monitorar o grau ncpa  realizar pesquisas com laboratório da universidade do porto (porto  portugal) e contribuir para a diminuição no número de mortes por afogamentos em crianças e adolescentes escolares.","Marcelo Barros De Vasconcellos"
"SAÚDE DE PESSOAS TRANSGÊNERO ACOMPANHADAS NO COMPLEXO DE SAÚDE DA UNIVERSIDADE DO ESTADO DO RIO DE JANEIRO: AMBULATÓRIO IDENTIDADE E O CUIDADO EM SAÚDE OFERTADO À POPULAÇÃO.","Esta pesquisa objetiva descrever as condições de vida e saúde de pessoas transgênero adultas acompanhadas no ambulatório identidade do complexo de saúde da uerj. A questão racial será uma categoria de análise importante para se possa observar como a desigualdade racial impacta ou não no acompanhamento dessas pessoas. Entende-se que os resultados do estudo contribuirão para o avanço do sus e na garantia do atendimento de seus princípios doutrinários junto à população trans.","Marcia Cristina Brasil Santos"
"REFLEXÕES SOBRE A FORMAÇÃO MÉDICA PARA A ABORDAGEM À SAÚDE DA MULHER NO ATENDIMENTO ÀS VÍTIMAS DE VIOLÊNCIA.","Garantir o atendimento humanizado às mulheres vítimas de violência configura uma luta constante no brasil. Imprescindível que os alunos do curso de medicina entendam seu papel na construção desse direito. O estudo busca refletir sobre a formação médica através da percepção dos discentes para a abordagem da saúde da mulher e o acolhimento às vítimas de violência. Busca-se fortalecer a formação médica crítica que contemple e respeite a individualidade das vítimas na prática do cuidado. .","Marcia Silveira Ney"
"ABORDAGEM DOS TUMORES DE FÍGADO  PÂNCREAS E VIAS BILIARES","Este estudo propõe investigar a epidemiologia das doenças hepáticas  biliares e pancreáticas  com um enfoque específico nas perspectivas e práticas adotadas pelo hospital universitário pedro ernesto (hupe). O objetivo principal é avaliar a incidência  características clínicas e fatores de risco associados aos tumores hepáticos  biliares e pancreáticos  bem como analisar a eficácia dos métodos de diagnóstico e os tratamentos disponíveis para essas neoplasias.","Marcos Bettini Pitombo"
"DESENVOLVIMENTO DE MATERIAL DIDÁTICO INTERATIVO COMO FERRAMENTA AUXILIAR NO ENSINO DA ENDODONTIA","Desenvolver um objeto de aprendizagem em formato de e-book interativo com o objetivo de estimular e auxiliar a formação de alunos da graduação e pós-graduação de odontologia sobre o tema acesso endodôntico  preparando os alunos para um melhor desempenho na prática clínica e consequentemente tratamentos mais efetivos à população.","Maria Cardoso De Castro Berry"
"AVALIAÇÃO DA FUNÇÃO ENDOTELIAL EM PACIENTES COM HIPERPARATIREOIDISMO PRIMÁRIO CLÁSSICO NO PRÉ E PÓS-OPERATÓRIO DE PARATIREOIDECTOMIA.","Hiperparatireoidismo primário (hptp) leva a um aumento da mortalidade cardiovascular  mas os mecanismos subjacentes ainda não são claros. Até o momento  ainda não existem dados suficientes sobre esse envolvimento  sendo assim  a ocorrência de doença cardiovascular nesses pacientes não está entre as indicações de paratireoidectomia. O objetivo é estudar a função endotelial desses pacientes  visando determinar o impacto da paratireoidectomia na disfunção endotelial e na síndrome metabólica.","Maria Caroline Alves Coelho Amaral"
"DESENVOLVIMENTO DE SOFTWARE PARA EQUIPAMENTOS MÓVEIS COMO AUXILIAR NO DIAGNÓSTICO DO RETRATAMENTO ENDODÔNTICO PARA ALUNOS E PROFISSIONAIS DA ÁREA DE ODONTOLOGIA","Objetivo desenvolver software para dispositivos móveis que possa auxiliar a tomada de decisão para indicação do retratamento endodôntico.1)análise da literatura disponível em relação ao tema proposto e benchmarking; 2)levantamento de requisitos e desenvolvimento do software através questionário com grupo de especialistas; 3)levantamento de requisitos e desenvolvimento do software através de equipe multidisciplinar 4)registro inpi  testes de usabilidade e aceitação (sus e tam).","Maria Isabel De Castro De Souza"
"AVALIAÇÃO DAS CICATRIZES QUELOIDIANAS: UMA INVESTIGAÇÃO ABRANGENTE","O objetivo principal deste estudo é realizar uma avaliação completa das cicatrizes queloidianas  abordando sua prevalência  fatores de risco  características clínicas  opções de tratamento e impacto na qualidade de vida. O estudo pretende aprimorar a compreensão desta condição dermatológica complexa  melhorar as estratégias de prevenção  desenvolver protocolos de tratamentos e contribuir para pesquisas futuras  com o intuito de beneficiar os pacientes afetados e informar as práticas clínicas.","Maria Lidia De Abreu Silva"
"AVALIAÇÃO DO CONSUMO DE ALIMENTOS ULTRAPROCESSADOS E SUA ASSOCIAÇÃO COM A ADIPOSIDADE CORPORAL E OS FATORES DE RISCO CARDIOMETABOLICOS EM RECEPTORES DE TRANSPLANTE RENAL","Receptores de transplante renal (rtr) têm alto risco cardiovascular  o que está associado ao aumento do peso e gordura corporal. Tal fato pode ser explicado  entre outros fatores  por uma alimentação com alto consumo de alimentos ultraprocessados (aup). Objetivo: avaliar o consumo de aup e sua associação com adiposidade corporal e fatores de risco cardiometabólicos (frcm) em rtr  os quais serão avaliados quanto à história clínica  estilo de vida  composição corporal  ingestão alimentar e frcm.","Mariana Ribeiro Costa Portugal"
"TEMPO DE AJUSTE CLÍNICO DE PLACAS OCLUSAIS CONFECCIONADAS PELO MÉTODO CONVENCIONAL VERSUS MÉTODO DIGITAL","Placas oclusais são o método mais utilizado para o tratamento de dtm. A tecnologia digital promete maior precisão do trabalho final e redução do tempo clínico. O objetivo é avaliar o tempo de ajuste clínico das placas confeccionadas pelo método convencional e digital em dois momentos  sendo primeiro o tempo necessário para adaptação em boca e o segundo  o tempo necessário para o ajuste oclusal completo. O tempo será calculado por meio de cronômetro desde o início ao fim do procedimento.","Mariana Ribeiro De Moraes Rego"
"ASSOCIAÇÃO DA QUALIDADE DE SONO COM PRESSÃO CENTRAL E HIPERATIVIDADE SIMPÁTICA EM INDIVÍDUOS HIPERTENSOS","O objetivo do estudo é analisar parâmetros hemodinâmicos  qualidade e tempo de sono em pacientes hipertensos com insônia. Estudo transversal em hipertensos com idade entre 40 e 65 anos com avaliações clínica  nutricional  laboratorial e medidas da pressão arterial central e periférica  velocidade da onda de pulso por oscilometria  atividade autonômica. A qualidade do sono será avaliada por actigrafia e através dos questionários de pittsburgh  do índice de gravidade da insônia (igi) e epworth.","Mario Fritsch Toros Neves"
"QUALIDADE DE VIDA NAS DESORDENS TEMPOROMANDIBULARES","Os objetivos são comparar a qualidade de vida em portadores de dtm versus não portadores  e entre diferentes classificações de dtm; e avaliar a qualidade de vida em portadores de dtm antes e depois do tratamento. Os sujeitos serão pacientes da clínica de dor orofacial da faculdade de odontologia/uerj. Haverá um grupo controle sem dtm. Para avaliar a presença de dtm será utilizado o questionário dc/tmd. A qualidade de vida será avaliada pelo questionário ohip-14  antes e após o tratamento.","Mayra Cardoso"
"TRAUMATISMOS DENTÁRIOS EM CRIANÇAS: INFORMAÇÃO E PREVENÇÃO ATRAVÉS DAS MÍDIAS SOCIAIS","A divulgação dos diversos aspectos que envolvem o traumatismo dentário é fundamental dada a sua relevância no contexto de saúde pública. O objetivo deste projeto é a divulgação  na mídia social  de informações científicas relevantes sobre o tema  como os primeiros-socorros. Através de programas/aplicativos serão criados os materiais digitais para disseminar ciência com uma linguagem simples  de forma interessante  abrangente e acessível.","Michele Machado Lenzi Da Silva"
"PACIENTES COM DOR CRÔNICA NÃO CONTROLADA DA ATENÇÃO PRIMÁRIA ENCAMINHADOS PARA O CENTRO DE DOR DA UNIVERSIDADE DO ESTADO DO RIO DE JANEIRO: CARACTERÍSTICA DA POPULAÇÃO  FATORES ASSOCIADOS À DOR CRÔNICA E AVALIAÇÃO DA EFICÁCIA DE UM PROGRAMA MULTIDISCIPLINAR DE AUTOGERENCIAMENTO DA DOR CRÔNICA DESENVOLVIDO PELA UERJ.","A uerj conta com um projeto de extensão para atendimento multidisciplinar de pacientes com dor crônica encaminhados pela atenção primária de saúde do rio de janeiro  onde um modelo multiprofissional com uma abordagem biopsicossocial é utilizado. Este projeto tem como objetivo caracterizar a população com dor crônica que a atenção primária não consegue controlar a dor de forma adequada e avaliar a eficácia do programa de autogerenciamento da dor da uerj.","Nivaldo Ribeiro Villela"
"AMBIENTE ALIMENTAR UNIVERSITÁRIO: CARACTERIZAÇÃO  AVALIAÇÃO E DINÂMICA DE CONFORMAÇÃO AO LONGO DO TEMPO","Esse estudo objetiva descrever o ambiente alimentar da uerj  campus maracanã e analisar as mudanças nele ocorridas ao longo do tempo. Ele será realizado por meio de checklist dos estabelecimentos que comercializam alimentos  preparações e bebidas no campus. A comparação entre os estabelecimentos em cada ano e a análise de sua variação no período serão realizadas com base no exame da diferença entre valores absolutos e relativos observadas em cada ano.","Patricia Maria Perico Perez"
"PERFIL DE COMORBIDADES E CARGA DE MULTIMORBIDADE EM PESSOAS COM DOENÇAS RARAS","Este projeto tem o objetivo de estudar o perfil de comorbidade e a carga de multimorbidade dos pacientes com doenças raras do ambulatório de doenças raras do hupe. Os resultados esperados: comorbidades mais comuns nas pessoas com doenças raras total e por faixa etária  sexo e nos subgrupos de doenças raras mais prevalentes; dados comparativos entre os subgrupos; cálculo da multimorbidade total e por subgrupos; propostas para qualificação da atenção integral às pessoas com doenças raras no sus.","Pedro Guimarães Coscarelli"
"PESQUISA AVANÇADA EM TUMORES PRIMÁRIOS E SECUNDÁRIOS DO SISTEMA NERVOSO CENTRAL","O grupo de pesquisa visa realizar pesquisas sobre os tumores do sistema nervoso central. Serão avaliados casos de lesões cerebrais e raquimedulares. O aluno será estimulado a realizar atividades de pesquisa; ensino e extensão com foco na publicação de artigos científicos. Ao final  ele deverá conhecer o fluxo de abordagem de pacientes com tumores no snc e publicar um artigo. O projeto poderá contribuir e despertar o interesse científico em jovens alunos de medicina da uerj.","Pedro Henrique Da Costa Ferreira Pinto"
"CASOS DE ENSINO COMO FERRAMENTA DE PESQUISA CIENTÍFICA E FORMAÇÃO DOCENTE EM EDUCAÇÃO FÍSICA","O presente projeto de pesquisa objetiva interpretar e elaborar casos de ensino com licenciandos  em ef  no contexto do cap uerj. A questão da pesquisa se apresenta da seguinte forma: como os casos de ensino podem ser empregados  dos pontos de vista formativo e metodológico  na formação de licenciandos em ef  em momento de estágio supervisionado  no âmbito do cap uerj? Como balizas da pesquisa  serão adotados os seguintes: referenciais teórico-metodológicos shulman (2002) e merseth (2018).","Pedro Henrique Zubcich Caiado De Castro"
"AVALIAÇÃO DE DIFERENTES SOFTWARES DE FOTOGRAMETRIA PARA DIGITALIZAÇÃO DE MODELOS DE GESSO ODONTOLÓGICOS","O fluxo de trabalho digital tem se difundido na clínica odontológica. Entretanto  a digitalização das arcadas dentárias demanda equipamentos de alto custo. Ferramentas alternativas como a fotogrametria  permite a digitalização de modelos de gesso a partir de uma série de fotografias do objeto. Portanto  o objetivo de trabalho será avaliar os modelos obtidos pela técnica de fotogrametria.","Plinio Mendes Senna"
"SISTEMATIZAÇÃO DA ASSISTÊNCIA DE ENFERMAGEM PERIOPERATÓRIA: FERRAMENTA PARA A GESTÃO DO CUIDADO AO PACIENTE CIRÚRGICO","O projeto versa sobre a sistematização da assistência de enfermagem perioperatória realizada nas unidades de internação cirúrgicas  centro cirúrgico e central de material e esterilização das unidades de saúde da uerj. Busca realizar diagnósticos situacionais e propostas de intervenção com foco na qualidade do cuidado.","Priscila Sanchez Bosco"
"TRAJETÓRIA DAS MÃES ESTUDANTES DE GRADUAÇÃO DO INSTITUTO DE EDUCAÇÃO FÍSICA E DESPORTOS DA UERJ: DIFICULDADES  BARREIRAS E APOIO","As mulheres estão cada vez mais inseridas no mercado de trabalho e se tornando responsáveis pela renda familiar  enfrentando o acúmulo de funções laborais  maternais e conjugais. O objetivo do estudo é identificar as dificuldades e barreiras às mães estudantes. A falta de apoio institucional pode dificultar a trajetória das mães  pois a dupla jornada pode implicar dificuldade para participar de projetos acadêmicos ","Rafael Da Silva Mattos"
"CONSTRUÇÃO E VALIDAÇÃO DE VÍDEO TEÓRICO-PRÁTICO PARA A PRÁTICA PROFISSIONAL DE ENFERMEIROS NO CUIDADO A PACIENTES REUMATOLÓGICOS","Objetivo: construir e validar vídeo teórico-prático para a prática profissional de enfermagem no cuidado a pacientes reumatológicos. Método: estudo metedológico servirá de base para a construção e posterior validação de vídeo educativo para os profissionais  sendo o vídeo desenvolvido nas fases de pré-produção e produção. Resultados esperados: desenvolvimento de tecnologia que subsidiará a capacitação efetiva de profissionais.","Rafael Pires Silva"
"PERCEPÇÕES E PRÁTICAS EM DIREÇÃO A UMA ALIMENTAÇÃO SAUDÁVEL E SUSTENTÁVEL EM ALIMENTAÇÃO COLETIVA: DA AQUISIÇÃO AO CONSUMO DE ALIMENTOS","Recomendações sobre alimentação e sustentabilidade precisam convergir  a fim de promover a compreensão de como a saúde humana está entrelaçada com a saúde dos ecossistemas e a sociedade. Serviços de alimentação são parceiros na transformação do sistema alimentar  tendo em vista a grande demanda por alimentos pelo setor. Esse projeto objetiva compreender as percepções e práticas em direção a uma alimentação saudável e sustentável desde a aquisição até o consumo de alimentos em restaurante.","Rafaela Karen Fabri"
"FRAGILIDADES E FORTALEZAS DA ATUAÇÃO DA EQUIPE DE ENFERMAGEM DIANTE DA PARADA CARDIORRESPIRATÓRIA INTRA-HOSPITALAR","Objetiva analisar fatores intervenientes da atuação da equipe de enfermagem diante do evento parada cardiorrespiratória intra-hospitalar. Justifica-se pela ocorrência de 100 mil casos no brasil com alta letalidade  e escassez de literatura e discrepância de treinamento e registro de dados. Estudo observacional quantitativo  coleta por levantamento com a enfermagem e análise de prontuários. Espera-se identificar fragilidades e fortalezas da enfermagem para melhorias da qualidade e segurança","Raquel De Mendonça Nepomuceno"
"DO CONHECIMENTO À CRIAÇÃO: TRADUÇÃO DA ADVOCACY NO CUIDADO ÀS CRIANÇAS E ADOLESCENTES COM HIV/AIDS","Pesquisa de inovação tecnológica orientada pelo modelo conceitual do conhecimento à ação  cujos objetivos tangem a produção de materiais físicos e virtuais para profissionais de saúde e familiares no cuidado à criança e ao adolescente com hiv/aids com as evidências científicas atualizadas; realizar a divulgação científica em periódicos de impacto e com a população em geral  visando a popularização da ciência; contribuir para o fortalecimento da linha de pesquisa.","Renata De Moura Bubadué"
"REGISTRO RETROSPECTIVO DE PACIENTES COM NEOPLASIAS LINFOPROLIFERATIVAS TRATADOS NUM HOSPITAL UNIVERSITÁRIO","Os objetivos do presente estudo são: 1. Estabelecer os dados epidemiológicos e de desfecho do tratamento de uma coorte retrospectiva de neoplasias linfoproliferativas tratadas no hupe critérios de inclusão e exclusão serão incluídos todos os pacientes com diagnóstico de 2013 a 2023. Critérios de avaliação avaliação de dados demográficos avaliar a taxa de remissão completa e sobrevida global e sobrevida livre de progressão","Renata Lyrio Rafael Baptista"
"EXPERIÊNCIA DE PUÉRPERAS FRENTE A SÍFILIS EM GESTANTE E SÍFILIS CONGÊNITA","Esse projeto de iniciação científica tem como objetivo identificar os sentimentos de puérperas em relação à sua vivência frente a sífilis na gestação e compreender a experiência das mesmas ao acompanhar seus filhos com sífilis congênita no alojamento conjunto.","Renata Martins Da Silva Pereira"
"ABORDAGEM DA ESPIRITUALIDADE EM PACIENTES INTERNADOS","Evidências demonstram que a espiritualidade influencia o desenvolvimento e a evolução de doenças. Instrumentos foram desenvolvidos para a coleta de histórias espirituais e para aferição de escores de espiritualidade  entretanto  não dispomos de instrumentos desenvolvidos em nosso país. Este é um estudo observacional  transversal  cujo objetivo é coletar anamnese espiritual em pacientes internados com o auxílio dos questionários hope e facit-sp12 e realizar análise qualitativa e quantitativa.","Ricardo Bedirian"
"LAYOUT DE SALA EM CIRURGIA ROBÓTICA: UM ESTUDO METODOLÓGICO DE ENFERMAGEM ACERCA DO SISTEMA DAVINCI XI","Objetivo: elaborar um manual com os layouts de sala as especialidades cirúrgicas robóticas pelo sistema davinci xi em um hospital universitário . O estudo metodológico utilizará um instrumento balizado em evidências e no manual adequando esses layouts com a expertise de enfermeiros robóticos. Em busca inicial em portais e bases de dados não há estudos que demonstrem essas adaptações no seguimento hospitalar  a fim de aclarar melhores práticas e evidências no atendimento interdisciplinar.","Ricardo De Oliveira Meneses"
"DIABETES RELACIONADO À FIBROSE CÍSTICA: FATORES DE RISCO  CARACTERÍSTICAS CLÍNICAS  PROGNÓSTICO E O DESENVOLVIMENTO DE COMPLICAÇÕES CRÔNICAS RELACIONADAS AO DIABETES","O diabetes relacionado à fibrose cística (fc) impõe maior risco de perda da função pulmonar  piora do estado nutricional e morte  além de complicações microvasculares associadas à hiperglicemia. Discute-se se os pontos de corte e metas glicêmicas devam ser específicos para pacientes com fc. O presente projeto busca identificar os níveis de glicemia e os fatores de risco associados a pior prognóstico nos pacientes da uerj  unidade referência no estado para adultos com fc.","Roberta Arnoldi Cobas"
"A SAÚDE DA POPULAÇÃO NEGRA E AS ESTRATÉGIAS DE COMBATE AO RACISMO INSTITUCIONAL NA ATENÇÃO PRIMÁRIA Á SAÚDE.","O presente estudo tem como objetivo principal  analisar as práticas de cuidado á saúde da população negra e de combate ao racismo institucional  desenvolvidas no município do rio de janeiro. A abordagem deste estudo é qualitativa  com característica descritiva e pesquisa de campo. Espera-se que os dados produzidos contribuam para a construção de conhecimento sobre as interrelações entre a saúde da população negra e o racismo em serviços de saúde  no caso do estudo  na atenção primária.","Roberta Georgia Sousa Dos Santos"
"CORRELAÇÃO ENTRE A ULTRASSONOGRAFIA E RESSONÂNCIA MAGNÉTICA NO ACOMPANHAMENTO DE LESÕES MUSCULARES DE ATLETAS DE FUTEBOL","Há diversas classificações de lesões musculares no futebol e pouco estudos avaliaram a utilidade destes estadiamentos. Os objetivos do trabalho são definir o papel da ultrassonografia (us) e ressonância magnética (rm) no acompanhamento das lesões musculares e avaliar evolutivamente as mudanças. Os atletas das categorias de base do club de regatas vasco da gama serão encaminhados ao hupe para avaliação imaginológica. Exames de controle serão realizados e comparados aos parâmetros clínicos.","Roberto Mogami"
"REDES SOCIAIS NA LINHA DE CUIDADO DE SAÚDE MENTAL.","Pesquisaremos as redes sociais das equipes de saúde da família  que lidam com a linha de cuidado de saúde mental  na atenção a usuários com sofrimento psíquico. Objetiva estabelecer a configuração das redes sociais no atendimento aos casos de sofrimento psiquico; compreender os processos que constituem as redes sociais nesse cuidado e descrever a importância dos membros dessas redes sociais no cuidado aos usuários.","Rogério Bittencourt De Miranda"
"A MEDICALIZAÇÃO E MERCANTILIZAÇÃO DE DIAGNÓSTICOS PSIQUIÁTRICOS NA INFÂNCIA: O AUTISMO EM ANÁLISE","O projeto visa a analisar criticamente a construção de diagnósticos psiquiátricos e sua relação com os processos de medicalização na infância  destacando o diagnóstico de autismo  explorando sua disseminação  mercantilização e a sua utilidade para o cuidado com as crianças e a família. O tema será abordado pelo referencial da psiquiatria crítica  e na pesquisa empírica serão analisados websites e páginas do facebook de associações de familiares e grupos de pessoas autistas.","Rossano Cabral Lima"
"AVALIAÇÃO DAS PROPRIEDADES MECÂNICAS  ADESÃO E ESTABILIDADE DE COR DE CIV EXPERIMENTAL  ADICIONADO DE 5 E 10% DE NANOPARTÍCULAS DE HIDROXIAPATITA","O cimento ionômero de vidro é um material restaurador amplamente utilizado  isso se deve a maior aceitação da técnica restauradora atraumática  muito difundida nos serviços públicos. Esse material  é adesivo  libera flúor  bom isolante térmico  contudo a adesão e propriedades mecânicas são fracas. A adição de n-hap pode melhorar suas características ruins. Serão analisadas as propriedades mecânicas  adesão  estabilidade de cor e a variação química do civ convencional e dos experimentais","Rudá França Moreira"
"PERFIL ALIMENTAR DOS ALUNOS DE GRADUAÇÃO DA UERJ CAMPUS ZONA OESTE","Conhecer o perfil alimentar pode indicar como a saúde desse coletivo pode ser afetada. Compreender os determinantes sociais de saúde nos auxilia no desenvolvimento estratégias para melhorar fatores de saúde. Aspectos relacionados ao acesso a alimentos podem impactar no surgimento de inúmeras doenças. Condições econômicas e sociais podem ser diagnosticadas na população estudada  auxiliando no desenvolvimento de estratégias mais assertivas no alcance de uma alimentação mais consciente.","Sabrina Da Silva Dias"
"AVALIAÇÃO DO ACOLHIMENTO E CLASSIFICAÇÃO DE RISCO À MULHER NAS MATERNIDADES MUNICIPAIS DO RIO DE JANEIRO","A mortalidade materna está relacionada as fragilidades no acesso ao cuidado oportuno  assima qualificação do acolhimento e classificação de risco(acr)das maternidades pode melhorar os resultados obstétricos e neonatais.Delimitou-se o objetivo:avaliar o grau de implantação doacr nas maternidades municipais.Estudo avaliativo .Na coleta de dados serão utilizados check list e formulário a ser respondido pelas enfermeiras. Os dados serão discutidos frente as referencias em qualidade em saúde","Sandra Cristina d Souza Borges Silva"
"O EFEITO DE PRÁTICAS DE MINDFULNESS NA QUALIDADE DE VIDA  COMPAIXÃO E AUTO COMPAIXÃO DE ESTUDANTES DE MEDICINA: UM ESTUDO QUALI-QUANTI DE UMA DISCIPLINA ELETIVA .","As adversidades e desafios durante o curso de medicina trazem sofrimento emocional aos estudantes. As práticas de mindfulness  compaixão e autocompaixão podem auxiliar na promoção de saúde mental e qualidade de vida. Através do ensino  - disciplina eletiva de mindfulness - e do projeto de extensão - medita uerj- foram desenvolvidas estas práticas para autoconhecimento e autocuidado. Seus efeitos serão avaliados por métodos quali-quanti (grupos focais e escalas de avaliação) nesta pesquisa.","Sandra Lucia Correia Lima Fortes"
"AIDS E QUALIDADE DE VIDA: ESTUDO COM PESSOAS QUE VIVEM COM HIV/AIDS EM MUNICÍPIOS DE MÉDIO E PEQUENO PORTES NA REGIÃO MÉDIO PARAÍBA DO RIO DE JANEIRO.","O estudo pretende analisar a qualidade de vida em suas diversas dimensões e a relação com o hiv/aids entre pessoas que vivem com hiv atendidas nos municípios de médio e pequeno porte da região médio paraíba do estado do rio de janeiro. é de natureza descritiva  com abordagem quanti-qualitativa  baseado no construto de qualidade de vida e nas abordagens estrutural e processual da teoria de representações sociais e na avaliação da qv com a escala whoqol-hiv-bref","Sergio Correa Marques"
"ATENÇÃO ESPECIAL ÀS CARACTERÍSTICAS ANTROPOMÉTRICAS  AO COMPORTAMENTO MOTOR E NÍVEL DE ATIVIDADE FÍSICA DE CRIANÇAS E ADOLESCENTES","O objetivo geral será analisar o perfil antropométrico  a coordenação motora  o desempenho motor  a motivação e o nível de atividade física e suas associações em diferentes grupos populacionais de crianças e adolescentes  incluindo escolares de diferentes níveis socioeconômicos  atletas e participantes de projetos esportivos  por meio de estudos transversais e longitudinais.As tarefas do icjr serão com escolares do cap-uerj  caracterizando as variáveis estudadas e elaborando referências.","Sidnei Jorge Fonseca Junior"
"PATERNIDADE E CUIDADO NA REDE SUS","O objetivo é conhecer a percepção dos homens/pais e de profissionais de saúde a respeito do acesso e da inclusão dos homens/pais nos serviços de saúde da rede sus. Trata-se de uma pesquisa qualitativa a ser realizado em unidades de saúde do sus. O material será analisado através da hermenêutica-dialética. Os resultados serão apresentados a partir da compreensão das narrativas dos participantes.","Simoni Furtado Da Costa"
"DEPRESSÃO À LUZ DAS DESIGUALDADES RACIAIS E DE GÊNERO NO BRASIL: PREVALÊNCIA E ASSOCIAÇÃO COM CARACTERÍSTICAS DE SAÚDE E NUTRIÇÃO","Estudo transversal conduzido com indivíduos adultos avaliados pela pesquisa nacional de saúde de 2019  com objetivo de investigar as desigualdades raciais e de gênero relacionadas à prevalência de depressão e sua associação com comportamentos (tabagismo  consumo de álcool  atividade física e alimentação) e características (excesso de peso  obesidade  diabetes e hipertensão) de saúde e nutrição.","Taciana Maia De Sousa"
"OBSERVATÓRIO DA MORBIMORTALIDADE POR COVID-19 E OUTRAS DOENÇAS TRANSMISSÍVEIS EMERGENTES  REEMERGENTES E NEGLIGENCIADAS NO BRASIL","Objetiva-se descrever e analisar os indicadores de morbidade e mortalidade pela covid-19 e por outras doenças transmissíveis emergentes  reemergentes e negligenciadas  utilizando bases de dados secundários dos sistemas de informação em saúde. Trata-se de desenho ecológico descritivo e analítico  visando investigar possíveis correlações entre a incidência e mortalidade por tais agravos e variáveis sócio-demográficas e de acesso aos serviços de saúde.","Tatiana Rodrigues De Araujo Lima"
"AVALIAÇÃO ULTRASSONOGRÁFICA DA FUNÇÃO DO MÚSCULO DIAFRAGMA EM ADULTOS COM ASMA GRAVE","O diafragma é o principal músculo da respiração. Sua função pode ser analisada pela ultrassonografia  através da avaliação da mobilidade e da fração de espessamento. A asma grave traz sintomas persistentes e prejuízos á qualidade de vida os pacientes  com inflamação e obstrução das vias aéreas. O comprometimento diafragmático nos pacientes com asma grave ainda é pouco compreendido e a us pode ser uma ferramenta útil nessa avaliação","Thiago Thomaz Mafort"
"USO DA TERAPÊUTICA HOMEOPÁTICA NA CESSAÇÃO DO HÁBITO DE FUMAR","As práticas integrativas e complementares (pics) são recomendadas para promoção  manutenção e recuperação da saúde. Segundo a organização mundial da saúde  o tabagismo é a principal causa de morte evitável no mundo. A associação do hábito de fumar e o envelhecimento levam a doenças cardiovasculares  respiratórias e câncer. O presente projeto visa a consolidação da homeopatia  uma terapia integrativa  como forma de tratamento antitabagismo e a construção de uma sociedade mais saudável.","Vania Emerich Bucco De Campos"
"HALL TECHNIQUE - EFETIVIDADE EM 1OS MOLARES PERMANENTES HIPOMINERALIZADOS: ENSAIO CLÍNICO RANDOMIZADO.","A hipomineralização molar incisivo (hmi) é um desafio. Crianças jovens com molares permanentes com fratura/cárie  necessitando restauração complexa. O objetivo é avaliar a hall technique comparada ao cimento de ionômero de vidro em molares gravemente afetado. Crianças com hmi  6 a 12 anos  são elegíveis. O desfecho principal é o sucesso da restauração. Dez dentistas do sus serão operadores e 2 examinadores avaliarão os desfechos. Espera-se contribuir com evidências para minimizar retratamentos.","Vera Ligia Vieira Mendes Soviero"
